{
  "project_info": {
    "project_number": "361983562285",
    "project_id": "project-spark-96e11",
    "storage_bucket": "project-spark-96e11.appspot.com"
  },
  "client": [
    {
      "client_info": {
        "mobilesdk_app_id": "1:361983562285:android:0f9593ea1db172c2c2dea4",
        "android_client_info": {
          "package_name": "com.example.Project_Spark"
        }
      },
      "oauth_client": [
        {
          "client_id": "361983562285-edr6ra9klpmrpeuv6q0sldulelfl1sje.apps.googleusercontent.com",
          "client_type": 3
        }
      ],
      "api_key": [
        {
          "current_key": "AIzaSyDneHgYEiaUu60faHMy18-iomw7Nnr2BNQ"
        }
      ],
      "services": {
        "appinvite_service": {
          "other_platform_oauth_client": [
            {
              "client_id": "361983562285-edr6ra9klpmrpeuv6q0sldulelfl1sje.apps.googleusercontent.com",
              "client_type": 3
            }
          ]
        }
      }
    }
  ],
  "configuration_version": "1"
}